{
    "sourceFile": "css/TelaPrincipal.css",
    "activeCommit": 0,
    "commits": [
        {
            "activePatchIndex": 15,
            "patches": [
                {
                    "date": 1715906586571,
                    "content": "Index: \n===================================================================\n--- \n+++ \n"
                },
                {
                    "date": 1715906604416,
                    "content": "Index: \n===================================================================\n--- \n+++ \n@@ -1,1 +1,1 @@\n-#\n\\ No newline at end of file\n+#statusMaquina\n\\ No newline at end of file\n"
                },
                {
                    "date": 1715906620269,
                    "content": "Index: \n===================================================================\n--- \n+++ \n@@ -1,1 +0,0 @@\n-#statusMaquina\n\\ No newline at end of file\n"
                },
                {
                    "date": 1715906627447,
                    "content": "Index: \n===================================================================\n--- \n+++ \n@@ -0,0 +1,3 @@\n+* {\r\n+    margin: ;\r\n+}\n\\ No newline at end of file\n"
                },
                {
                    "date": 1715906632633,
                    "content": "Index: \n===================================================================\n--- \n+++ \n@@ -0,0 +1,5 @@\n+* {\r\n+    margin: 0;\r\n+    padding: 0;\r\n+    \r\n+}\n\\ No newline at end of file\n"
                },
                {
                    "date": 1715906643651,
                    "content": "Index: \n===================================================================\n--- \n+++ \n@@ -0,0 +1,5 @@\n+* {\r\n+    margin: 0;\r\n+    padding: 0;\r\n+    fon\r\n+}\n\\ No newline at end of file\n"
                },
                {
                    "date": 1715906649342,
                    "content": "Index: \n===================================================================\n--- \n+++ \n@@ -1,13 +1,6 @@\n * {\r\n     margin: 0;\r\n     padding: 0;\r\n-    fon\r\n-}\n-* {\r\n-    margin: 0;\r\n-    padding: 0;\r\n+    font-family: Arial, Helvetica, sans-serif;\r\n     \r\n-}\n-* {\r\n-    margin: ;\r\n }\n\\ No newline at end of file\n"
                },
                {
                    "date": 1715906656349,
                    "content": "Index: \n===================================================================\n--- \n+++ \n@@ -1,6 +1,6 @@\n * {\r\n     margin: 0;\r\n     padding: 0;\r\n     font-family: Arial, Helvetica, sans-serif;\r\n-    \r\n+    font-size: 20px;\r\n }\n\\ No newline at end of file\n"
                },
                {
                    "date": 1715906676764,
                    "content": "Index: \n===================================================================\n--- \n+++ \n@@ -0,0 +1,6 @@\n+* {\r\n+    margin: 0;\r\n+    padding: 0;\r\n+    font-family: Arial, Helvetica, sans-serif;\r\n+    font-size: 15px;\r\n+}\n\\ No newline at end of file\n"
                },
                {
                    "date": 1715906986515,
                    "content": "Index: \n===================================================================\n--- \n+++ \n@@ -0,0 +1,7 @@\n+* {\r\n+    margin: 0;\r\n+    padding: 0;\r\n+    font-family: Arial, Helvetica, sans-serif;\r\n+    font-size: 15px;\r\n+    \r\n+}\n\\ No newline at end of file\n"
                },
                {
                    "date": 1715906992412,
                    "content": "Index: \n===================================================================\n--- \n+++ \n@@ -0,0 +1,7 @@\n+* {\r\n+    margin: 0;\r\n+    padding: 0;\r\n+    font-family: Arial, Helvetica, sans-serif;\r\n+    font-size: 15px;\r\n+    box-sizing: border-box;\r\n+}\n\\ No newline at end of file\n"
                },
                {
                    "date": 1715906998313,
                    "content": "Index: \n===================================================================\n--- \n+++ \n@@ -0,0 +1,11 @@\n+* {\r\n+    margin: 0;\r\n+    padding: 0;\r\n+    font-family: Arial, Helvetica, sans-serif;\r\n+    font-size: 15px;\r\n+    box-sizing: border-box;\r\n+}\r\n+\r\n+body {\r\n+    \r\n+}\n\\ No newline at end of file\n"
                },
                {
                    "date": 1715907005103,
                    "content": "Index: \n===================================================================\n--- \n+++ \n@@ -0,0 +1,12 @@\n+* {\r\n+    margin: 0;\r\n+    padding: 0;\r\n+    font-family: Arial, Helvetica, sans-serif;\r\n+    font-size: 15px;\r\n+    box-sizing: border-box;\r\n+}\r\n+\r\n+body {\r\n+    display: flex;\r\n+    justify-content: ;\r\n+}\n\\ No newline at end of file\n"
                },
                {
                    "date": 1715907013370,
                    "content": "Index: \n===================================================================\n--- \n+++ \n@@ -7,43 +7,8 @@\n }\r\n \r\n body {\r\n     display: flex;\r\n-    justify-content: ;\r\n-}\n-* {\r\n-    margin: 0;\r\n-    padding: 0;\r\n-    font-family: Arial, Helvetica, sans-serif;\r\n-    font-size: 15px;\r\n-    box-sizing: border-box;\r\n-}\r\n-\r\n-body {\r\n-    \r\n-}\n-* {\r\n-    margin: 0;\r\n-    padding: 0;\r\n-    font-family: Arial, Helvetica, sans-serif;\r\n-    font-size: 15px;\r\n-    box-sizing: border-box;\r\n-}\n-* {\r\n-    margin: 0;\r\n-    padding: 0;\r\n-    font-family: Arial, Helvetica, sans-serif;\r\n-    font-size: 15px;\r\n-    \r\n-}\n-* {\r\n-    margin: 0;\r\n-    padding: 0;\r\n-    font-family: Arial, Helvetica, sans-serif;\r\n-    font-size: 15px;\r\n-}\n-* {\r\n-    margin: 0;\r\n-    padding: 0;\r\n-    font-family: Arial, Helvetica, sans-serif;\r\n-    font-size: 20px;\r\n+    justify-content: center;\r\n+    align-items: center;\r\n+    min\r\n }\n\\ No newline at end of file\n"
                },
                {
                    "date": 1715907022334,
                    "content": "Index: \n===================================================================\n--- \n+++ \n@@ -10,6 +10,5 @@\n     display: flex;\r\n     justify-content: center;\r\n     align-items: center;\r\n     min-height: 100vh;\r\n-    \r\n }\n\\ No newline at end of file\n"
                },
                {
                    "date": 1715907075394,
                    "content": "Index: \n===================================================================\n--- \n+++ \n@@ -0,0 +1,16 @@\n+* {\r\n+    margin: 0;\r\n+    padding: 0;\r\n+    font-family: Arial, Helvetica, sans-serif;\r\n+    font-size: 15px;\r\n+    box-sizing: border-box;\r\n+}\r\n+\r\n+body {\r\n+    display: flex;\r\n+    justify-content: center;\r\n+    align-items: center;\r\n+    min-height: 100vh;\r\n+}\r\n+\r\n+h1\n\\ No newline at end of file\n"
                }
            ],
            "date": 1715906586571,
            "name": "Commit-0",
            "content": "#"
        }
    ]
}