{
    "sourceFile": "js/TelaPrincipal.js",
    "activeCommit": 0,
    "commits": [
        {
            "activePatchIndex": 29,
            "patches": [
                {
                    "date": 1716511721777,
                    "content": "Index: \n===================================================================\n--- \n+++ \n"
                },
                {
                    "date": 1716511749962,
                    "content": "Index: \n===================================================================\n--- \n+++ \n@@ -17,9 +17,9 @@\n }, /*5000*/)\r\n \r\n \r\n /* Criando a função do relógio */\r\n-function relogio(){\r\n+function velocimetro(){\r\n \r\n     // cria um construtor de data\r\n     // para isso é necessário acrescentar o new para criar um novo elemento\r\n     let h = new Date().getHours()\r\n"
                },
                {
                    "date": 1716511761303,
                    "content": "Index: \n===================================================================\n--- \n+++ \n@@ -12,19 +12,17 @@\n /* Faz a atualizção continua\r\n Estamos tirando o intervalo \"5000\",\r\n pois o relógio já atualiza automaticamente */\r\n setInterval(() =>{\r\n-    relogio()\r\n+    velocimetro()\r\n }, /*5000*/)\r\n \r\n \r\n /* Criando a função do relógio */\r\n function velocimetro(){\r\n \r\n     // cria um construtor de data\r\n     // para isso é necessário acrescentar o new para criar um novo elemento\r\n-    let h = new Date().getHours()\r\n-    let m = new Date().getMinutes()\r\n     let s = new Date().getSeconds()\r\n \r\n \r\n \r\n"
                },
                {
                    "date": 1716511768047,
                    "content": "Index: \n===================================================================\n--- \n+++ \n@@ -1,14 +1,11 @@\n-let horas = document.getElementById(\"horas\");\r\n-let minutos = document.getElementById(\"minutos\");\r\n+\r\n let segundos = document.getElementById(\"segundos\");\r\n \r\n let hh = document.getElementById(\"hh\");\r\n let mm = document.getElementById(\"mm\");\r\n let ss = document.getElementById(\"ss\");\r\n \r\n-let h12 = document.getElementById(\"12h\");\r\n-let h24 = document.getElementById(\"24h\");\r\n \r\n /* Faz a atualizção continua\r\n Estamos tirando o intervalo \"5000\",\r\n pois o relógio já atualiza automaticamente */\r\n"
                },
                {
                    "date": 1716511780288,
                    "content": "Index: \n===================================================================\n--- \n+++ \n@@ -1,6 +1,6 @@\n \r\n-let segundos = document.getElementById(\"segundos\");\r\n+let segundos = document.getElementById(\"valorRPM\");\r\n \r\n let hh = document.getElementById(\"hh\");\r\n let mm = document.getElementById(\"mm\");\r\n let ss = document.getElementById(\"ss\");\r\n"
                },
                {
                    "date": 1716511821869,
                    "content": "Index: \n===================================================================\n--- \n+++ \n@@ -1,9 +1,6 @@\n-\r\n let segundos = document.getElementById(\"valorRPM\");\r\n \r\n-let hh = document.getElementById(\"hh\");\r\n-let mm = document.getElementById(\"mm\");\r\n let ss = document.getElementById(\"ss\");\r\n \r\n \r\n /* Faz a atualizção continua\r\n"
                },
                {
                    "date": 1716511838289,
                    "content": "Index: \n===================================================================\n--- \n+++ \n@@ -1,7 +1,7 @@\n-let segundos = document.getElementById(\"valorRPM\");\r\n+let segundos = document.getElementById(\"rpm\");\r\n \r\n-let ss = document.getElementById(\"ss\");\r\n+let ss = document.getElementById(\"valorRPM\");\r\n \r\n \r\n /* Faz a atualizção continua\r\n Estamos tirando o intervalo \"5000\",\r\n"
                },
                {
                    "date": 1716511880012,
                    "content": "Index: \n===================================================================\n--- \n+++ \n@@ -39,10 +39,8 @@\n     m = (m < 10) ? '0'+ m : m\r\n     s = (s < 10) ? '0'+ s : s\r\n \r\n     // Coloccando o texto no relógio\r\n-    horas.innerHTML = h + '<br><span>Horas</span>'\r\n-    minutos.innerHTML = m + '<br><span>Minutos</span>'\r\n     segundos.innerHTML = s + '<br><span>Segundos</span>'\r\n \r\n     // Animando o relógio\r\n \r\n"
                },
                {
                    "date": 1716511887250,
                    "content": "Index: \n===================================================================\n--- \n+++ \n@@ -41,9 +41,6 @@\n \r\n     // Coloccando o texto no relógio\r\n     segundos.innerHTML = s + '<br><span>Segundos</span>'\r\n \r\n-    // Animando o relógio\r\n-\r\n-    mm.style.strokeDashoffset = 440 - (440 * m) / 60;\r\n     ss.style.strokeDashoffset = 440 - (440 * s) /60;\r\n }\n\\ No newline at end of file\n"
                },
                {
                    "date": 1716511892933,
                    "content": "Index: \n===================================================================\n--- \n+++ \n@@ -19,19 +19,8 @@\n     let s = new Date().getSeconds()\r\n \r\n \r\n \r\n-    // Convertendo em 12 ou 24 horas\r\n-    if(h12.checked){\r\n-        h24.checked = false;\r\n-        if(h > 12){\r\n-            h =h-12;\r\n-        }\r\n-        hh.style.strokeDashoffset = 440 - (440 * h) /12;\r\n-    }\r\n-    else if (h24.checked){\r\n-        hh.style.strokeDashoffset = 440 - (440 * h) /24;\r\n-    }\r\n \r\n \r\n     // Adicionando 0 antes de um unico número\r\n \r\n"
                },
                {
                    "date": 1716511921062,
                    "content": "Index: \n===================================================================\n--- \n+++ \n@@ -18,15 +18,10 @@\n     // para isso é necessário acrescentar o new para criar um novo elemento\r\n     let s = new Date().getSeconds()\r\n \r\n \r\n-\r\n-\r\n-\r\n     // Adicionando 0 antes de um unico número\r\n \r\n-    h = (h < 10) ? '0'+ h : h\r\n-    m = (m < 10) ? '0'+ m : m\r\n     s = (s < 10) ? '0'+ s : s\r\n \r\n     // Coloccando o texto no relógio\r\n     segundos.innerHTML = s + '<br><span>Segundos</span>'\r\n"
                },
                {
                    "date": 1716512062858,
                    "content": "Index: \n===================================================================\n--- \n+++ \n@@ -25,6 +25,6 @@\n \r\n     // Coloccando o texto no relógio\r\n     segundos.innerHTML = s + '<br><span>Segundos</span>'\r\n \r\n-    ss.style.strokeDashoffset = 440 - (440 * s) /60;\r\n+    ss.style.strokeDashoffset = 440 - (20 * s) /60;\r\n }\n\\ No newline at end of file\n"
                },
                {
                    "date": 1716512376964,
                    "content": "Index: \n===================================================================\n--- \n+++ \n@@ -22,9 +22,6 @@\n     // Adicionando 0 antes de um unico número\r\n \r\n     s = (s < 10) ? '0'+ s : s\r\n \r\n-    // Coloccando o texto no relógio\r\n-    segundos.innerHTML = s + '<br><span>Segundos</span>'\r\n-\r\n-    ss.style.strokeDashoffset = 440 - (20 * s) /60;\r\n+    ss.style.strokeDashoffset = 220 - (220 * s) /60;\r\n }\n\\ No newline at end of file\n"
                },
                {
                    "date": 1716512406747,
                    "content": "Index: \n===================================================================\n--- \n+++ \n@@ -22,6 +22,9 @@\n     // Adicionando 0 antes de um unico número\r\n \r\n     s = (s < 10) ? '0'+ s : s\r\n \r\n+    // Coloccando o texto no relógio\r\n+    segundos.innerHTML = s + '<br><span>Segundos</span>'\r\n+\r\n     ss.style.strokeDashoffset = 220 - (220 * s) /60;\r\n }\n\\ No newline at end of file\n"
                },
                {
                    "date": 1716512416326,
                    "content": "Index: \n===================================================================\n--- \n+++ \n@@ -23,8 +23,8 @@\n \r\n     s = (s < 10) ? '0'+ s : s\r\n \r\n     // Coloccando o texto no relógio\r\n-    segundos.innerHTML = s + '<br><span>Segundos</span>'\r\n+    segundos.innerHTML = s + '<br><span></span>'\r\n \r\n     ss.style.strokeDashoffset = 220 - (220 * s) /60;\r\n }\n\\ No newline at end of file\n"
                },
                {
                    "date": 1716512422993,
                    "content": "Index: \n===================================================================\n--- \n+++ \n@@ -23,8 +23,8 @@\n \r\n     s = (s < 10) ? '0'+ s : s\r\n \r\n     // Coloccando o texto no relógio\r\n-    segundos.innerHTML = s + '<br><span></span>'\r\n+    segundos.innerHTML = s+ '<br><span></span>'\r\n \r\n     ss.style.strokeDashoffset = 220 - (220 * s) /60;\r\n }\n\\ No newline at end of file\n"
                },
                {
                    "date": 1716512566761,
                    "content": "Index: \n===================================================================\n--- \n+++ \n@@ -23,8 +23,8 @@\n \r\n     s = (s < 10) ? '0'+ s : s\r\n \r\n     // Coloccando o texto no relógio\r\n-    segundos.innerHTML = s+ '<br><span></span>'\r\n+    segundos.innerHTML = s\r\n \r\n-    ss.style.strokeDashoffset = 220 - (220 * s) /60;\r\n+    ss.style.strokeDashoffset = 100 - (220 * s) /60;\r\n }\n\\ No newline at end of file\n"
                },
                {
                    "date": 1716512584399,
                    "content": "Index: \n===================================================================\n--- \n+++ \n@@ -25,6 +25,6 @@\n \r\n     // Coloccando o texto no relógio\r\n     segundos.innerHTML = s\r\n \r\n-    ss.style.strokeDashoffset = 100 - (220 * s) /60;\r\n+    ss.style.strokeDashoffset = 100 - (90 * s) /60;\r\n }\n\\ No newline at end of file\n"
                },
                {
                    "date": 1716512591570,
                    "content": "Index: \n===================================================================\n--- \n+++ \n@@ -25,6 +25,6 @@\n \r\n     // Coloccando o texto no relógio\r\n     segundos.innerHTML = s\r\n \r\n-    ss.style.strokeDashoffset = 100 - (90 * s) /60;\r\n+    ss.style.strokeDashoffset = 10 - (90 * s) /60;\r\n }\n\\ No newline at end of file\n"
                },
                {
                    "date": 1716512601215,
                    "content": "Index: \n===================================================================\n--- \n+++ \n@@ -25,6 +25,6 @@\n \r\n     // Coloccando o texto no relógio\r\n     segundos.innerHTML = s\r\n \r\n-    ss.style.strokeDashoffset = 10 - (90 * s) /60;\r\n+    ss.style.strokeDashoffset = 10 - (1 * s) /60;\r\n }\n\\ No newline at end of file\n"
                },
                {
                    "date": 1716512611729,
                    "content": "Index: \n===================================================================\n--- \n+++ \n@@ -25,6 +25,6 @@\n \r\n     // Coloccando o texto no relógio\r\n     segundos.innerHTML = s\r\n \r\n-    ss.style.strokeDashoffset = 10 - (1 * s) /60;\r\n+    ss.style.strokeDashoffset = 50 - (1 * s) /60;\r\n }\n\\ No newline at end of file\n"
                },
                {
                    "date": 1716512621272,
                    "content": "Index: \n===================================================================\n--- \n+++ \n@@ -25,6 +25,6 @@\n \r\n     // Coloccando o texto no relógio\r\n     segundos.innerHTML = s\r\n \r\n-    ss.style.strokeDashoffset = 50 - (1 * s) /60;\r\n+    ss.style.strokeDashoffset = 50 - (30 * s) /60;\r\n }\n\\ No newline at end of file\n"
                },
                {
                    "date": 1716512627346,
                    "content": "Index: \n===================================================================\n--- \n+++ \n@@ -25,6 +25,6 @@\n \r\n     // Coloccando o texto no relógio\r\n     segundos.innerHTML = s\r\n \r\n-    ss.style.strokeDashoffset = 50 - (30 * s) /60;\r\n+    ss.style.strokeDashoffset = 20 - (30 * s) /60;\r\n }\n\\ No newline at end of file\n"
                },
                {
                    "date": 1716512634256,
                    "content": "Index: \n===================================================================\n--- \n+++ \n@@ -25,6 +25,6 @@\n \r\n     // Coloccando o texto no relógio\r\n     segundos.innerHTML = s\r\n \r\n-    ss.style.strokeDashoffset = 20 - (30 * s) /60;\r\n+    ss.style.strokeDashoffset = 20 - (10 * s) /60;\r\n }\n\\ No newline at end of file\n"
                },
                {
                    "date": 1716512648838,
                    "content": "Index: \n===================================================================\n--- \n+++ \n@@ -25,6 +25,6 @@\n \r\n     // Coloccando o texto no relógio\r\n     segundos.innerHTML = s\r\n \r\n-    ss.style.strokeDashoffset = 20 - (10 * s) /60;\r\n+    ss.style.strokeDashoffset = 8 - (10 * s) /60;\r\n }\n\\ No newline at end of file\n"
                },
                {
                    "date": 1716512785711,
                    "content": "Index: \n===================================================================\n--- \n+++ \n@@ -25,6 +25,6 @@\n \r\n     // Coloccando o texto no relógio\r\n     segundos.innerHTML = s\r\n \r\n-    ss.style.strokeDashoffset = 8 - (10 * s) /60;\r\n+    ss.style.strokeDashoffset = 8 - (5 * s) /60;\r\n }\n\\ No newline at end of file\n"
                },
                {
                    "date": 1716512795073,
                    "content": "Index: \n===================================================================\n--- \n+++ \n@@ -25,6 +25,6 @@\n \r\n     // Coloccando o texto no relógio\r\n     segundos.innerHTML = s\r\n \r\n-    ss.style.strokeDashoffset = 8 - (5 * s) /60;\r\n+    ss.style.strokeDashoffset = 5 - (5 * s) /10;\r\n }\n\\ No newline at end of file\n"
                },
                {
                    "date": 1716512801946,
                    "content": "Index: \n===================================================================\n--- \n+++ \n@@ -25,6 +25,6 @@\n \r\n     // Coloccando o texto no relógio\r\n     segundos.innerHTML = s\r\n \r\n-    ss.style.strokeDashoffset = 5 - (5 * s) /10;\r\n+    ss.style.strokeDashoffset = 5 - (5 * s) /1;\r\n }\n\\ No newline at end of file\n"
                },
                {
                    "date": 1716512811152,
                    "content": "Index: \n===================================================================\n--- \n+++ \n@@ -25,6 +25,6 @@\n \r\n     // Coloccando o texto no relógio\r\n     segundos.innerHTML = s\r\n \r\n-    ss.style.strokeDashoffset = 5 - (5 * s) /1;\r\n+    ss.style.strokeDashoffset = 5 - (5 * s) /50;\r\n }\n\\ No newline at end of file\n"
                },
                {
                    "date": 1716512882705,
                    "content": "Index: \n===================================================================\n--- \n+++ \n@@ -1,30 +0,0 @@\n-let segundos = document.getElementById(\"rpm\");\r\n-\r\n-let ss = document.getElementById(\"valorRPM\");\r\n-\r\n-\r\n-/* Faz a atualizção continua\r\n-Estamos tirando o intervalo \"5000\",\r\n-pois o relógio já atualiza automaticamente */\r\n-setInterval(() =>{\r\n-    velocimetro()\r\n-}, /*5000*/)\r\n-\r\n-\r\n-/* Criando a função do relógio */\r\n-function velocimetro(){\r\n-\r\n-    // cria um construtor de data\r\n-    // para isso é necessário acrescentar o new para criar um novo elemento\r\n-    let s = new Date().getSeconds()\r\n-\r\n-\r\n-    // Adicionando 0 antes de um unico número\r\n-\r\n-    s = (s < 10) ? '0'+ s : s\r\n-\r\n-    // Coloccando o texto no relógio\r\n-    segundos.innerHTML = s\r\n-\r\n-    ss.style.strokeDashoffset = 5 - (5 * s) /50;\r\n-}\n\\ No newline at end of file\n"
                }
            ],
            "date": 1716511721777,
            "name": "Commit-0",
            "content": "let horas = document.getElementById(\"horas\");\r\nlet minutos = document.getElementById(\"minutos\");\r\nlet segundos = document.getElementById(\"segundos\");\r\n\r\nlet hh = document.getElementById(\"hh\");\r\nlet mm = document.getElementById(\"mm\");\r\nlet ss = document.getElementById(\"ss\");\r\n\r\nlet h12 = document.getElementById(\"12h\");\r\nlet h24 = document.getElementById(\"24h\");\r\n\r\n/* Faz a atualizção continua\r\nEstamos tirando o intervalo \"5000\",\r\npois o relógio já atualiza automaticamente */\r\nsetInterval(() =>{\r\n    relogio()\r\n}, /*5000*/)\r\n\r\n\r\n/* Criando a função do relógio */\r\nfunction relogio(){\r\n\r\n    // cria um construtor de data\r\n    // para isso é necessário acrescentar o new para criar um novo elemento\r\n    let h = new Date().getHours()\r\n    let m = new Date().getMinutes()\r\n    let s = new Date().getSeconds()\r\n\r\n\r\n\r\n    // Convertendo em 12 ou 24 horas\r\n    if(h12.checked){\r\n        h24.checked = false;\r\n        if(h > 12){\r\n            h =h-12;\r\n        }\r\n        hh.style.strokeDashoffset = 440 - (440 * h) /12;\r\n    }\r\n    else if (h24.checked){\r\n        hh.style.strokeDashoffset = 440 - (440 * h) /24;\r\n    }\r\n\r\n\r\n    // Adicionando 0 antes de um unico número\r\n\r\n    h = (h < 10) ? '0'+ h : h\r\n    m = (m < 10) ? '0'+ m : m\r\n    s = (s < 10) ? '0'+ s : s\r\n\r\n    // Coloccando o texto no relógio\r\n    horas.innerHTML = h + '<br><span>Horas</span>'\r\n    minutos.innerHTML = m + '<br><span>Minutos</span>'\r\n    segundos.innerHTML = s + '<br><span>Segundos</span>'\r\n\r\n    // Animando o relógio\r\n\r\n    mm.style.strokeDashoffset = 440 - (440 * m) / 60;\r\n    ss.style.strokeDashoffset = 440 - (440 * s) /60;\r\n}"
        }
    ]
}